Workbook

Sheet ranges
A1: cross-section # | B1: chainage (m) | C1: width (m) | F1: fo | J1: μ (mu) | K1: fi/fo | M1: fi
A2: 1 | B2: 10000 | C2: 1550 | F2: 0.09 | J2: 0.6 | K2: 0.8 | M2: =F2*K2 -> 0.072
A3: 34 | B3: 15000 | C3: 1600 | F3: 0.11 | J3: 0.8 | K3: 1 | M3: =F3*K3 -> 0.11

Sheet values
A1: event | B1: chainage (m) | C1: width (m) | D1: slope (-) | E1: Q (m3/s) | F1: fo | G1: q (m2/s) | H1: h (m) | I1: ξ (xi) | J1: μ (mu) | K1: fi/fo | L1: η (eta) | M1: H (m) | N1: t (m) | P1: thalweg elevation (masl) | Q1: W empirical (masl) | S1: T | T1: p | V1: %ile | W1: calibrated | Y1: observed (max) | Z1: observed (min)
B2: =RANDBETWEEN(ranges!B$2,ranges!B$3) -> 10318 | C2: =LOOKUP(B2,geomorph!A:A,geomorph!B:B) -> 1659.7 | D2: 0.000113 | E2: ='[2]Q_GEV(random)'!$J2 -> 16514.129 | F2: =RANDBETWEEN(ranges!F$2*1000,ranges!F$3*1000)/1000 -> 0.091 | G2: =E2/C2 -> 9.9500686 | H2: =POWER(G2/SQRT(4*9.807*D2/F2),2/3) -> 12.666977 | I2: =POWER(G2*G2/9.807/D2,1/3)/C2/D2 -> 238.36243 | J2: =RANDBETWEEN(ranges!J$2*1000,ranges!J$3*1000)/1000 -> 0.731 | K2: =RANDBETWEEN(ranges!K$2*1000,ranges!K$3*1000)/1000 -> 0.967 | L2: =0.63*POWER(F2,1/3)*I2+5.75*(1+SQRT(1+0.11*J2*POWER(F2,1/3)*K2*I2))/J2 -> 99.445793 | M2: =L2*C2*D2 -> 18.650671 | N2: =(M2-H2)/0.92 -> 6.5040149 | P2: =LOOKUP(B2,geomorph!$A:$A,geomorph!$G:$G) -> 105.36073 | Q2: =M2+P2 -> 124.0114 | S2: 500 | T2: =1/S2 -> 0.002 | U2: =T2 -> 0.002 | V2: =1-T2 -> 0.998 | W2: =_xlfn.PERCENTILE.INC(Q:Q,V2) -> 126.53696 | Y2: 126.76074 | Z2: 126.42714
B3: =RANDBETWEEN(ranges!B$2,ranges!B$3) -> 13704 | C3: =LOOKUP(B3,geomorph!A:A,geomorph!B:B) -> 1253.2 | D3: =D2 -> 0.000113 | E3: ='[2]Q_GEV(random)'!$J3 -> 16412.932 | F3: =RANDBETWEEN(ranges!F$2*1000,ranges!F$3*1000)/1000 -> 0.101 | G3: =E3/C3 -> 13.096818 | H3: =POWER(G3/SQRT(4*9.807*D3/F3),2/3) -> 15.751652 | I3: =POWER(G3*G3/9.807/D3,1/3)/C3/D3 -> 379.1463 | J3: =RANDBETWEEN(ranges!J$2*1000,ranges!J$3*1000)/1000 -> 0.617 | K3: =RANDBETWEEN(ranges!K$2*1000,ranges!K$3*1000)/1000 -> 0.881 | L3: =0.63*POWER(F3,1/3)*I3+5.75*(1+SQRT(1+0.11*J3*POWER(F3,1/3)*K3*I3))/J3 -> 152.24 | M3: =L3*C3*D3 -> 21.558949 | N3: =(M3-H3)/0.92 -> 6.3122796 | P3: =LOOKUP(B3,geomorph!$A:$A,geomorph!$G:$G) -> 104.97766 | Q3: =M3+P3 -> 126.53661 | S3: 200 | T3: =1/S3 -> 0.005 | U3: =T3 -> 0.005 | V3: =1-T3 -> 0.995 | W3: =_xlfn.PERCENTILE.INC(Q:Q,V3) -> 125.99959 | Y3: 126.35967 | Z3: 126.08579
B4: =RANDBETWEEN(ranges!B$2,ranges!B$3) -> 11537 | C4: =LOOKUP(B4,geomorph!A:A,geomorph!B:B) -> 1481.4 | D4: =D3 -> 0.000113 | E4: ='[2]Q_GEV(random)'!$J4 -> 16144.564 | F4: =RANDBETWEEN(ranges!F$2*1000,ranges!F$3*1000)/1000 -> 0.099 | G4: =E4/C4 -> 10.89818 | H4: =POWER(G4/SQRT(4*9.807*D4/F4),2/3) -> 13.842765 | I4: =POWER(G4*G4/9.807/D4,1/3)/C4/D4 -> 283.75727 | J4: =RANDBETWEEN(ranges!J$2*1000,ranges!J$3*1000)/1000 -> 0.616 | K4: =RANDBETWEEN(ranges!K$2*1000,ranges!K$3*1000)/1000 -> 0.8 | L4: =0.63*POWER(F4,1/3)*I4+5.75*(1+SQRT(1+0.11*J4*POWER(F4,1/3)*K4*I4))/J4 -> 118.6253 | M4: =L4*C4*D4 -> 19.857661 | N4: =(M4-H4)/0.92 -> 6.5379303 | P4: =LOOKUP(B4,geomorph!$A:$A,geomorph!$G:$G) -> 105.22287 | Q4: =M4+P4 -> 125.08053 | S4: 100 | T4: =1/S4 -> 0.01 | U4: =T4 -> 0.01 | V4: =1-T4 -> 0.99 | W4: =_xlfn.PERCENTILE.INC(Q:Q,V4) -> 125.71106 | Y4: 126.01728 | Z4: 125.79135
B5: =RANDBETWEEN(ranges!B$2,ranges!B$3) -> 11547 | C5: =LOOKUP(B5,geomorph!A:A,geomorph!B:B) -> 1479.1 | D5: =D4 -> 0.000113 | E5: ='[2]Q_GEV(random)'!$J5 -> 16068.645 | F5: =RANDBETWEEN(ranges!F$2*1000,ranges!F$3*1000)/1000 -> 0.094 | G5: =E5/C5 -> 10.863799 | H5: =POWER(G5/SQRT(4*9.807*D5/F5),2/3) -> 13.577055 | I5: =POWER(G5*G5/9.807/D5,1/3)/C5/D5 -> 283.60048 | J5: =RANDBETWEEN(ranges!J$2*1000,ranges!J$3*1000)/1000 -> 0.696 | K5: =RANDBETWEEN(ranges!K$2*1000,ranges!K$3*1000)/1000 -> 0.874 | L5: =0.63*POWER(F5,1/3)*I5+5.75*(1+SQRT(1+0.11*J5*POWER(F5,1/3)*K5*I5))/J5 -> 115.13416 | M5: =L5*C5*D5 -> 19.243328 | N5: =(M5-H5)/0.92 -> 6.1589928 | P5: =LOOKUP(B5,geomorph!$A:$A,geomorph!$G:$G) -> 105.22174 | Q5: =M5+P5 -> 124.46507 | S5: 50 | T5: =1/S5 -> 0.02 | U5: =T5 -> 0.02 | V5: =1-T5 -> 0.98 | W5: =_xlfn.PERCENTILE.INC(Q:Q,V5) -> 125.47338 | Y5: 125.63053 | Z5: 125.45523
B6: =RANDBETWEEN(ranges!B$2,ranges!B$3) -> 14514 | C6: =LOOKUP(B6,geomorph!A:A,geomorph!B:B) -> 1403.7 | D6: =D5 -> 0.000113 | E6: ='[2]Q_GEV(random)'!$J6 -> 16062.818 | F6: =RANDBETWEEN(ranges!F$2*1000,ranges!F$3*1000)/1000 -> 0.095 | G6: =E6/C6 -> 11.443199 | H6: =POWER(G6/SQRT(4*9.807*D6/F6),2/3) -> 14.105267 | I6: =POWER(G6*G6/9.807/D6,1/3)/C6/D6 -> 309.36702 | J6: =RANDBETWEEN(ranges!J$2*1000,ranges!J$3*1000)/1000 -> 0.72 | K6: =RANDBETWEEN(ranges!K$2*1000,ranges!K$3*1000)/1000 -> 0.861 | L6: =0.63*POWER(F6,1/3)*I6+5.75*(1+SQRT(1+0.11*J6*POWER(F6,1/3)*K6*I6))/J6 -> 122.95034 | M6: =L6*C6*D6 -> 19.50215 | N6: =(M6-H6)/0.92 -> 5.8661772 | P6: =LOOKUP(B6,geomorph!$A:$A,geomorph!$G:$G) -> 104.88613 | Q6: =M6+P6 -> 124.38828 | S6: 20 | T6: =1/S6 -> 0.05 | U6: =T6 -> 0.05 | V6: =1-T6 -> 0.95 | W6: =_xlfn.PERCENTILE.INC(Q:Q,V6) -> 124.82264 | Y6: 125.18401 | Z6: 125.06229
B7: =RANDBETWEEN(ranges!B$2,ranges!B$3) -> 12012 | C7: =LOOKUP(B7,geomorph!A:A,geomorph!B:B) -> 1347.3 | D7: =D6 -> 0.000113 | E7: ='[2]Q_GEV(random)'!$J7 -> 15976.914 | F7: =RANDBETWEEN(ranges!F$2*1000,ranges!F$3*1000)/1000 -> 0.11 | G7: =E7/C7 -> 11.858468 | H7: =POWER(G7/SQRT(4*9.807*D7/F7),2/3) -> 15.167887 | I7: =POWER(G7*G7/9.807/D7,1/3)/C7/D7 -> 330.06902 | J7: =RANDBETWEEN(ranges!J$2*1000,ranges!J$3*1000)/1000 -> 0.728 | K7: =RANDBETWEEN(ranges!K$2*1000,ranges!K$3*1000)/1000 -> 0.839 | L7: =0.63*POWER(F7,1/3)*I7+5.75*(1+SQRT(1+0.11*J7*POWER(F7,1/3)*K7*I7))/J7 -> 134.46333 | M7: =L7*C7*D7 -> 20.471357 | N7: =(M7-H7)/0.92 -> 5.764641 | P7: =LOOKUP(B7,geomorph!$A:$A,geomorph!$G:$G) -> 105.16863 | Q7: =M7+P7 -> 125.63999 | S7: 10 | T7: =1/S7 -> 0.1 | U7: =T7 -> 0.1 | V7: =1-T7 -> 0.9 | W7: =_xlfn.PERCENTILE.INC(Q:Q,V7) -> 124.03915 | Y7: 125.02376 | Z7: 124.91995
B8: =RANDBETWEEN(ranges!B$2,ranges!B$3) -> 13550 | C8: =LOOKUP(B8,geomorph!A:A,geomorph!B:B) -> 1215.2 | D8: =D7 -> 0.000113 | E8: ='[2]Q_GEV(random)'!$J8 -> 15954.296 | F8: =RANDBETWEEN(ranges!F$2*1000,ranges!F$3*1000)/1000 -> 0.092 | G8: =E8/C8 -> 13.128947 | H8: =POWER(G8/SQRT(4*9.807*D8/F8),2/3) -> 15.294114 | I8: =POWER(G8*G8/9.807/D8,1/3)/C8/D8 -> 391.64163 | J8: =RANDBETWEEN(ranges!J$2*1000,ranges!J$3*1000)/1000 -> 0.767 | K8: =RANDBETWEEN(ranges!K$2*1000,ranges!K$3*1000)/1000 -> 0.916 | L8: =0.63*POWER(F8,1/3)*I8+5.75*(1+SQRT(1+0.11*J8*POWER(F8,1/3)*K8*I8))/J8 -> 147.58882 | M8: =L8*C8*D8 -> 20.266542 | N8: =(M8-H8)/0.92 -> 5.4048127 | P8: =LOOKUP(B8,geomorph!$A:$A,geomorph!$G:$G) -> 104.99461 | Q8: =M8+P8 -> 125.26115 | S8: 5 | T8: =1/S8 -> 0.2 | U8: =T8 -> 0.2 | V8: =1-T8 -> 0.8 | W8: =_xlfn.PERCENTILE.INC(Q:Q,V8) -> 123.04103 | Y8: 124.45554 | Z8: 124.40936
B9: =RANDBETWEEN(ranges!B$2,ranges!B$3) -> 14914 | C9: =LOOKUP(B9,geomorph!A:A,geomorph!B:B) -> 1508.3 | D9: =D8 -> 0.000113 | E9: ='[2]Q_GEV(random)'!$J9 -> 15913.354 | F9: =RANDBETWEEN(ranges!F$2*1000,ranges!F$3*1000)/1000 -> 0.102 | G9: =E9/C9 -> 10.550523 | H9: =POWER(G9/SQRT(4*9.807*D9/F9),2/3) -> 13.68226 | I9: =POWER(G9*G9/9.807/D9,1/3)/C9/D9 -> 272.73756 | J9: =RANDBETWEEN(ranges!J$2*1000,ranges!J$3*1000)/1000 -> 0.606 | K9: =RANDBETWEEN(ranges!K$2*1000,ranges!K$3*1000)/1000 -> 0.827 | L9: =0.63*POWER(F9,1/3)*I9+5.75*(1+SQRT(1+0.11*J9*POWER(F9,1/3)*K9*I9))/J9 -> 116.64994 | M9: =L9*C9*D9 -> 19.881571 | N9: =(M9-H9)/0.92 -> 6.7383814 | P9: =LOOKUP(B9,geomorph!$A:$A,geomorph!$G:$G) -> 104.84093 | Q9: =M9+P9 -> 124.7225 | S9: 3.333 | T9: =1/S9 -> 0.30003 | U9: =T9 -> 0.30003 | V9: =1-T9 -> 0.69997 | W9: =_xlfn.PERCENTILE.INC(Q:Q,V9) -> 122.253 | Y9: 123.74097 | Z9: 123.71273
B10: =RANDBETWEEN(ranges!B$2,ranges!B$3) -> 13656 | C10: =LOOKUP(B10,geomorph!A:A,geomorph!B:B) -> 1240.5 | D10: =D9 -> 0.000113 | E10: ='[2]Q_GEV(random)'!$J10 -> 15897.06 | F10: =RANDBETWEEN(ranges!F$2*1000,ranges!F$3*1000)/1000 -> 0.094 | G10: =E10/C10 -> 12.815042 | H10: =POWER(G10/SQRT(4*9.807*D10/F10),2/3) -> 15.157623 | I10: =POWER(G10*G10/9.807/D10,1/3)/C10/D10 -> 377.51419 | J10: =RANDBETWEEN(ranges!J$2*1000,ranges!J$3*1000)/1000 -> 0.748 | K10: =RANDBETWEEN(ranges!K$2*1000,ranges!K$3*1000)/1000 -> 0.866 | L10: =0.63*POWER(F10,1/3)*I10+5.75*(1+SQRT(1+0.11*J10*POWER(F10,1/3)*K10*I10))/J10 -> 143.78778 | M10: =L10*C10*D10 -> 20.155667 | N10: =(M10-H10)/0.92 -> 5.4326565 | P10: =LOOKUP(B10,geomorph!$A:$A,geomorph!$G:$G) -> 104.98331 | Q10: =M10+P10 -> 125.13898 | S10: 2 | T10: =1/S10 -> 0.5 | U10: =T10 -> 0.5 | V10: =1-T10 -> 0.5 | W10: =_xlfn.PERCENTILE.INC(Q:Q,V10) -> 120.90108 | Y10: 122.28224 | Z10: 122.20303
B11: =RANDBETWEEN(ranges!B$2,ranges!B$3) -> 14015 | C11: =LOOKUP(B11,geomorph!A:A,geomorph!B:B) -> 1329.8 | D11: =D10 -> 0.000113 | E11: ='[2]Q_GEV(random)'!$J11 -> 15878.142 | F11: =RANDBETWEEN(ranges!F$2*1000,ranges!F$3*1000)/1000 -> 0.096 | G11: =E11/C11 -> 11.940248 | H11: =POWER(G11/SQRT(4*9.807*D11/F11),2/3) -> 14.561556 | I11: =POWER(G11*G11/9.807/D11,1/3)/C11/D11 -> 335.94841 | J11: =RANDBETWEEN(ranges!J$2*1000,ranges!J$3*1000)/1000 -> 0.634 | K11: =RANDBETWEEN(ranges!K$2*1000,ranges!K$3*1000)/1000 -> 0.894 | L11: =0.63*POWER(F11,1/3)*I11+5.75*(1+SQRT(1+0.11*J11*POWER(F11,1/3)*K11*I11))/J11 -> 135.4946 | M11: =L11*C11*D11 -> 20.360421 | N11: =(M11-H11)/0.92 -> 6.3031147 | P11: =LOOKUP(B11,geomorph!$A:$A,geomorph!$G:$G) -> 104.94263 | Q11: =M11+P11 -> 125.30305
B12: =RANDBETWEEN(ranges!B$2,ranges!B$3) -> 11628 | C12: =LOOKUP(B12,geomorph!A:A,geomorph!B:B) -> 1460.1 | D12: =D11 -> 0.000113 | E12: ='[2]Q_GEV(random)'!$J12 -> 15860.276 | F12: =RANDBETWEEN(ranges!F$2*1000,ranges!F$3*1000)/1000 -> 0.091 | G12: =E12/C12 -> 10.862459 | H12: =POWER(G12/SQRT(4*9.807*D12/F12),2/3) -> 13.429949 | I12: =POWER(G12*G12/9.807/D12,1/3)/C12/D12 -> 287.26729 | J12: =RANDBETWEEN(ranges!J$2*1000,ranges!J$3*1000)/1000 -> 0.603 | K12: =RANDBETWEEN(ranges!K$2*1000,ranges!K$3*1000)/1000 -> 0.867 | L12: =0.63*POWER(F12,1/3)*I12+5.75*(1+SQRT(1+0.11*J12*POWER(F12,1/3)*K12*I12))/J12 -> 118.62607 | M12: =L12*C12*D12 -> 19.57227 | N12: =(M12-H12)/0.92 -> 6.6764355 | P12: =LOOKUP(B12,geomorph!$A:$A,geomorph!$G:$G) -> 105.2127 | Q12: =M12+P12 -> 124.78497
B13: =RANDBETWEEN(ranges!B$2,ranges!B$3) -> 14242 | C13: =LOOKUP(B13,geomorph!A:A,geomorph!B:B) -> 1326.5 | D13: =D12 -> 0.000113 | E13: ='[2]Q_GEV(random)'!$J13 -> 15859.619 | F13: =RANDBETWEEN(ranges!F$2*1000,ranges!F$3*1000)/1000 -> 0.093 | G13: =E13/C13 -> 11.955989 | H13: =POWER(G13/SQRT(4*9.807*D13/F13),2/3) -> 14.420925 | I13: =POWER(G13*G13/9.807/D13,1/3)/C13/D13 -> 337.08008 | J13: =RANDBETWEEN(ranges!J$2*1000,ranges!J$3*1000)/1000 -> 0.798 | K13: =RANDBETWEEN(ranges!K$2*1000,ranges!K$3*1000)/1000 -> 0.811 | L13: =0.63*POWER(F13,1/3)*I13+5.75*(1+SQRT(1+0.11*J13*POWER(F13,1/3)*K13*I13))/J13 -> 128.24589 | M13: =L13*C13*D13 -> 19.223353 | N13: =(M13-H13)/0.92 -> 5.2200307 | P13: =LOOKUP(B13,geomorph!$A:$A,geomorph!$G:$G) -> 104.91664 | Q13: =M13+P13 -> 124.13999
B14: =RANDBETWEEN(ranges!B$2,ranges!B$3) -> 10526 | C14: =LOOKUP(B14,geomorph!A:A,geomorph!B:B) -> 1760.5 | D14: =D13 -> 0.000113 | E14: ='[2]Q_GEV(random)'!$J14 -> 15817.683 | F14: =RANDBETWEEN(ranges!F$2*1000,ranges!F$3*1000)/1000 -> 0.11 | G14: =E14/C14 -> 8.9847675 | H14: =POWER(G14/SQRT(4*9.807*D14/F14),2/3) -> 12.605999 | I14: =POWER(G14*G14/9.807/D14,1/3)/C14/D14 -> 209.93518 | J14: =RANDBETWEEN(ranges!J$2*1000,ranges!J$3*1000)/1000 -> 0.772 | K14: =RANDBETWEEN(ranges!K$2*1000,ranges!K$3*1000)/1000 -> 0.97 | L14: =0.63*POWER(F14,1/3)*I14+5.75*(1+SQRT(1+0.11*J14*POWER(F14,1/3)*K14*I14))/J14 -> 93.515596 | M14: =L14*C14*D14 -> 18.603665 | N14: =(M14-H14)/0.92 -> 6.5192031 | P14: =LOOKUP(B14,geomorph!$A:$A,geomorph!$G:$G) -> 105.337 | Q14: =M14+P14 -> 123.94067
B15: =RANDBETWEEN(ranges!B$2,ranges!B$3) -> 14958 | C15: =LOOKUP(B15,geomorph!A:A,geomorph!B:B) -> 1500.2 | D15: =D14 -> 0.000113 | E15: ='[2]Q_GEV(random)'!$J15 -> 15731.424 | F15: =RANDBETWEEN(ranges!F$2*1000,ranges!F$3*1000)/1000 -> 0.09 | G15: =E15/C15 -> 10.486218 | H15: =POWER(G15/SQRT(4*9.807*D15/F15),2/3) -> 13.069788 | I15: =POWER(G15*G15/9.807/D15,1/3)/C15/D15 -> 273.09481 | J15: =RANDBETWEEN(ranges!J$2*1000,ranges!J$3*1000)/1000 -> 0.688 | K15: =RANDBETWEEN(ranges!K$2*1000,ranges!K$3*1000)/1000 -> 0.887 | L15: =0.63*POWER(F15,1/3)*I15+5.75*(1+SQRT(1+0.11*J15*POWER(F15,1/3)*K15*I15))/J15 -> 110.83104 | M15: =L15*C15*D15 -> 18.788365 | N15: =(M15-H15)/0.92 -> 6.2158448 | P15: =LOOKUP(B15,geomorph!$A:$A,geomorph!$G:$G) -> 104.83641 | Q15: =M15+P15 -> 123.62478
B16: =RANDBETWEEN(ranges!B$2,ranges!B$3) -> 13172 | C16: =LOOKUP(B16,geomorph!A:A,geomorph!B:B) -> 1159.7 | D16: =D15 -> 0.000113 | E16: ='[2]Q_GEV(random)'!$J16 -> 15649.07 | F16: =RANDBETWEEN(ranges!F$2*1000,ranges!F$3*1000)/1000 -> 0.095 | G16: =E16/C16 -> 13.494068 | H16: =POWER(G16/SQRT(4*9.807*D16/F16),2/3) -> 15.743873 | I16: =POWER(G16*G16/9.807/D16,1/3)/C16/D16 -> 417.9583 | J16: =RANDBETWEEN(ranges!J$2*1000,ranges!J$3*1000)/1000 -> 0.792 | K16: =RANDBETWEEN(ranges!K$2*1000,ranges!K$3*1000)/1000 -> 0.869 | L16: =0.63*POWER(F16,1/3)*I16+5.75*(1+SQRT(1+0.11*J16*POWER(F16,1/3)*K16*I16))/J16 -> 155.93356 | M16: =L16*C16*D16 -> 20.434485 | N16: =(M16-H16)/0.92 -> 5.0984907 | P16: =LOOKUP(B16,geomorph!$A:$A,geomorph!$G:$G) -> 105.03755 | Q16: =M16+P16 -> 125.47204
B17: =RANDBETWEEN(ranges!B$2,ranges!B$3) -> 11889 | C17: =LOOKUP(B17,geomorph!A:A,geomorph!B:B) -> 1387.2 | D17: =D16 -> 0.000113 | E17: ='[2]Q_GEV(random)'!$J17 -> 15626.613 | F17: =RANDBETWEEN(ranges!F$2*1000,ranges!F$3*1000)/1000 -> 0.09 | G17: =E17/C17 -> 11.264859 | H17: =POWER(G17/SQRT(4*9.807*D17/F17),2/3) -> 13.709022 | I17: =POWER(G17*G17/9.807/D17,1/3)/C17/D17 -> 309.78576 | J17: =RANDBETWEEN(ranges!J$2*1000,ranges!J$3*1000)/1000 -> 0.685 | K17: =RANDBETWEEN(ranges!K$2*1000,ranges!K$3*1000)/1000 -> 0.918 | L17: =0.63*POWER(F17,1/3)*I17+5.75*(1+SQRT(1+0.11*J17*POWER(F17,1/3)*K17*I17))/J17 -> 123.18863 | M17: =L17*C17*D17 -> 19.310261 | N17: =(M17-H17)/0.92 -> 6.0883033 | P17: =LOOKUP(B17,geomorph!$A:$A,geomorph!$G:$G) -> 105.18332 | Q17: =M17+P17 -> 124.49358
B18: =RANDBETWEEN(ranges!B$2,ranges!B$3) -> 13423 | C18: =LOOKUP(B18,geomorph!A:A,geomorph!B:B) -> 1188.5 | D18: =D17 -> 0.000113 | E18: ='[2]Q_GEV(random)'!$J18 -> 15622.906 | F18: =RANDBETWEEN(ranges!F$2*1000,ranges!F$3*1000)/1000 -> 0.101 | G18: =E18/C18 -> 13.145062 | H18: =POWER(G18/SQRT(4*9.807*D18/F18),2/3) -> 15.790311 | I18: =POWER(G18*G18/9.807/D18,1/3)/C18/D18 -> 400.76758 | J18: =RANDBETWEEN(ranges!J$2*1000,ranges!J$3*1000)/1000 -> 0.682 | K18: =RANDBETWEEN(ranges!K$2*1000,ranges!K$3*1000)/1000 -> 0.831 | L18: =0.63*POWER(F18,1/3)*I18+5.75*(1+SQRT(1+0.11*J18*POWER(F18,1/3)*K18*I18))/J18 -> 155.98221 | M18: =L18*C18*D18 -> 20.948489 | N18: =(M18-H18)/0.92 -> 5.6067152 | P18: =LOOKUP(B18,geomorph!$A:$A,geomorph!$G:$G) -> 105.0093 | Q18: =M18+P18 -> 125.95779
B19: =RANDBETWEEN(ranges!B$2,ranges!B$3) -> 12952 | C19: =LOOKUP(B19,geomorph!A:A,geomorph!B:B) -> 1140.6 | D19: =D18 -> 0.000113 | E19: ='[2]Q_GEV(random)'!$J19 -> 15610.431 | F19: =RANDBETWEEN(ranges!F$2*1000,ranges!F$3*1000)/1000 -> 0.107 | G19: =E19/C19 -> 13.686158 | H19: =POWER(G19/SQRT(4*9.807*D19/F19),2/3) -> 16.535757 | I19: =POWER(G19*G19/9.807/D19,1/3)/C19/D19 -> 428.98062 | J19: =RANDBETWEEN(ranges!J$2*1000,ranges!J$3*1000)/1000 -> 0.708 | K19: =RANDBETWEEN(ranges!K$2*1000,ranges!K$3*1000)/1000 -> 0.917 | L19: =0.63*POWER(F19,1/3)*I19+5.75*(1+SQRT(1+0.11*J19*POWER(F19,1/3)*K19*I19))/J19 -> 168.44522 | M19: =L19*C19*D19 -> 21.710534 | N19: =(M19-H19)/0.92 -> 5.6247576 | P19: =LOOKUP(B19,geomorph!$A:$A,geomorph!$G:$G) -> 105.06241 | Q19: =M19+P19 -> 126.77294
B20: =RANDBETWEEN(ranges!B$2,ranges!B$3) -> 14471 | C20: =LOOKUP(B20,geomorph!A:A,geomorph!B:B) -> 1394 | D20: =D19 -> 0.000113 | E20: ='[2]Q_GEV(random)'!$J20 -> 15596.543 | F20: =RANDBETWEEN(ranges!F$2*1000,ranges!F$3*1000)/1000 -> 0.097 | G20: =E20/C20 -> 11.188338 | H20: =POWER(G20/SQRT(4*9.807*D20/F20),2/3) -> 13.99188 | I20: =POWER(G20*G20/9.807/D20,1/3)/C20/D20 -> 306.87696 | J20: =RANDBETWEEN(ranges!J$2*1000,ranges!J$3*1000)/1000 -> 0.601 | K20: =RANDBETWEEN(ranges!K$2*1000,ranges!K$3*1000)/1000 -> 0.872 | L20: =0.63*POWER(F20,1/3)*I20+5.75*(1+SQRT(1+0.11*J20*POWER(F20,1/3)*K20*I20))/J20 -> 127.30406 | M20: =L20*C20*D20 -> 20.053191 | N20: =(M20-H20)/0.92 -> 6.5883811 | P20: =LOOKUP(B20,geomorph!$A:$A,geomorph!$G:$G) -> 104.89065 | Q20: =M20+P20 -> 124.94384
B21: =RANDBETWEEN(ranges!B$2,ranges!B$3) -> 12235 | C21: =LOOKUP(B21,geomorph!A:A,geomorph!B:B) -> 1282.2 | D21: =D20 -> 0.000113 | E21: ='[2]Q_GEV(random)'!$J21 -> 15582.244 | F21: =RANDBETWEEN(ranges!F$2*1000,ranges!F$3*1000)/1000 -> 0.105 | G21: =E21/C21 -> 12.152741 | H21: =POWER(G21/SQRT(4*9.807*D21/F21),2/3) -> 15.180558 | I21: =POWER(G21*G21/9.807/D21,1/3)/C21/D21 -> 352.54163 | J21: =RANDBETWEEN(ranges!J$2*1000,ranges!J$3*1000)/1000 -> 0.681 | K21: =RANDBETWEEN(ranges!K$2*1000,ranges!K$3*1000)/1000 -> 0.93 | L21: =0.63*POWER(F21,1/3)*I21+5.75*(1+SQRT(1+0.11*J21*POWER(F21,1/3)*K21*I21))/J21 -> 143.17963 | M21: =L21*C21*D21 -> 20.745097 | N21: =(M21-H21)/0.92 -> 6.0484121 | P21: =LOOKUP(B21,geomorph!$A:$A,geomorph!$G:$G) -> 105.14377 | Q21: =M21+P21 -> 125.88887
B22: =RANDBETWEEN(ranges!B$2,ranges!B$3) -> 11285 | C22: =LOOKUP(B22,geomorph!A:A,geomorph!B:B) -> 1617.2 | D22: =D21 -> 0.000113 | E22: ='[2]Q_GEV(random)'!$J22 -> 15567.474 | F22: =RANDBETWEEN(ranges!F$2*1000,ranges!F$3*1000)/1000 -> 0.095 | G22: =E22/C22 -> 9.6261895 | H22: =POWER(G22/SQRT(4*9.807*D22/F22),2/3) -> 12.569537 | I22: =POWER(G22*G22/9.807/D22,1/3)/C22/D22 -> 239.2889 | J22: =RANDBETWEEN(ranges!J$2*1000,ranges!J$3*1000)/1000 -> 0.718 | K22: =RANDBETWEEN(ranges!K$2*1000,ranges!K$3*1000)/1000 -> 0.876 | L22: =0.63*POWER(F22,1/3)*I22+5.75*(1+SQRT(1+0.11*J22*POWER(F22,1/3)*K22*I22))/J22 -> 100.21744 | M22: =L22*C22*D22 -> 18.314096 | N22: =(M22-H22)/0.92 -> 6.2440858 | P22: =LOOKUP(B22,geomorph!$A:$A,geomorph!$G:$G) -> 105.25112 | Q22: =M22+P22 -> 123.56522
... B1001: =RANDBETWEEN(ranges!B$2,ranges!B$3) -> 14290 | C1001: =LOOKUP(B1001,geomorph!A:A,geomorph!B:B) -> 1343.1 | D1001: =D1000 -> 0.000113 | E1001: ='[2]Q_GEV(random)'!$J1001 -> 994.09766 | F1001: =RANDBETWEEN(ranges!F$2*1000,ranges!F$3*1000)/1000 -> 0.098 | G1001: =E1001/C1001 -> 0.74015163 | H1001: =POWER(G1001/SQRT(4*9.807*D1001/F1001),2/3) -> 2.2964886 | I1001: =POWER(G1001*G1001/9.807/D1001,1/3)/C1001/D1001 -> 52.09813 | J1001: =RANDBETWEEN(ranges!J$2*1000,ranges!J$3*1000)/1000 -> 0.706 | K1001: =RANDBETWEEN(ranges!K$2*1000,ranges!K$3*1000)/1000 -> 0.946 | L1001: =0.63*POWER(F1001,1/3)*I1001+5.75*(1+SQRT(1+0.11*J1001*POWER(F1001,1/3)*K1001*I1001))/J1001 -> 36.818722 | M1001: =L1001*C1001*D1001 -> 5.5879885 | N1001: =(M1001-H1001)/0.92 -> 3.5777173 | P1001: =LOOKUP(B1001,geomorph!$A:$A,geomorph!$G:$G) -> 104.91099 | Q1001: =M1001+P1001 -> 110.49898

Sheet geomorph
A1: chainage (m) | B1: width (m) | C1: open-water profile | D1: slope (-) | E1: slope_calc | F1: thalweg | G1: thalweg (trend) | H1: chainage | I1: thalweg (trendline)
A2: 0 | B2: 2094.4 | C2: 114.944 | D2: =D3 -> 5e-05 | E2: =0.0000000000000634167*A2*A2 - 0.0000000048594*A2 + 0.000132414 -> 0.000132414 | F2: 105.59 | G2: =-0.000113*A2 + 106.525761 -> 106.52576 | H2: 12800 | I2: =-0.000113*H2 + 106.525761 -> 105.07936
A3: 10 | B3: 2089.1 | C3: 114.944 | D3: =D4 -> 5e-05 | E3: =0.0000000000000634167*A3*A3 - 0.0000000048594*A3 + 0.000132414 -> 0.00013236541 | F3: 105.599 | G3: =-0.000113*A3 + 106.525761 -> 106.52463 | H3: 34960 | I3: =-0.000113*H3 + 106.525761 -> 102.57528 | J3: =I2-I3 -> 2.50408
A4: 20 | B4: 2083.7 | C4: 114.943 | D4: =(C2-C6)/(A6-A2) -> 5e-05 | E4: =0.0000000000000634167*A4*A4 - 0.0000000048594*A4 + 0.000132414 -> 0.00013231684 | F4: 105.608 | G4: =-0.000113*A4 + 106.525761 -> 106.5235
A5: 30 | B5: 2078.3 | C5: 114.942 | D5: =(C3-C7)/(A7-A3) -> 7.5e-05 | E5: =0.0000000000000634167*A5*A5 - 0.0000000048594*A5 + 0.000132414 -> 0.00013226828 | F5: 105.618 | G5: =-0.000113*A5 + 106.525761 -> 106.52237
A6: 40 | B6: 2072.9 | C6: 114.942 | D6: =(C4-C8)/(A8-A4) -> 7.5e-05 | E6: =0.0000000000000634167*A6*A6 - 0.0000000048594*A6 + 0.000132414 -> 0.00013221973 | F6: 105.626 | G6: =-0.000113*A6 + 106.525761 -> 106.52124
A7: 50 | B7: 2067.5 | C7: 114.941 | D7: =(C5-C9)/(A9-A5) -> 5e-05 | E7: =0.0000000000000634167*A7*A7 - 0.0000000048594*A7 + 0.000132414 -> 0.00013217119 | F7: 105.635 | G7: =-0.000113*A7 + 106.525761 -> 106.52011
A8: 60 | B8: 2061.7 | C8: 114.94 | D8: =(C6-C10)/(A10-A6) -> 7.5e-05 | E8: =0.0000000000000634167*A8*A8 - 0.0000000048594*A8 + 0.000132414 -> 0.00013212266 | F8: 105.645 | G8: =-0.000113*A8 + 106.525761 -> 106.51898
A9: 70 | B9: 2055.5 | C9: 114.94 | D9: =(C7-C11)/(A11-A7) -> 7.5e-05 | E9: =0.0000000000000634167*A9*A9 - 0.0000000048594*A9 + 0.000132414 -> 0.00013207415 | F9: 105.654 | G9: =-0.000113*A9 + 106.525761 -> 106.51785
A10: 80 | B10: 2049.3 | C10: 114.939 | D10: =(C8-C12)/(A12-A8) -> 5e-05 | E10: =0.0000000000000634167*A10*A10 - 0.0000000048594*A10 + 0.000132414 -> 0.00013202565 | F10: 105.662 | G10: =-0.000113*A10 + 106.525761 -> 106.51672
A11: 90 | B11: 2043.1 | C11: 114.938 | D11: =(C9-C13)/(A13-A9) -> 7.5e-05 | E11: =0.0000000000000634167*A11*A11 - 0.0000000048594*A11 + 0.000132414 -> 0.00013197717 | F11: 105.672 | G11: =-0.000113*A11 + 106.525761 -> 106.51559
A12: 100 | B12: 2037.1 | C12: 114.938 | D12: =(C10-C14)/(A14-A10) -> 7.5e-05 | E12: =0.0000000000000634167*A12*A12 - 0.0000000048594*A12 + 0.000132414 -> 0.00013192869 | F12: 105.681 | G12: =-0.000113*A12 + 106.525761 -> 106.51446
A13: 110 | B13: 2030.8 | C13: 114.937 | D13: =(C11-C15)/(A15-A11) -> 5e-05 | E13: =0.0000000000000634167*A13*A13 - 0.0000000048594*A13 + 0.000132414 -> 0.00013188023 | F13: 105.691 | G13: =-0.000113*A13 + 106.525761 -> 106.51333
A14: 120 | B14: 2024.7 | C14: 114.936 | D14: =(C12-C16)/(A16-A12) -> 7.5e-05 | E14: =0.0000000000000634167*A14*A14 - 0.0000000048594*A14 + 0.000132414 -> 0.00013183179 | F14: 105.699 | G14: =-0.000113*A14 + 106.525761 -> 106.5122
A15: 130 | B15: 2018.5 | C15: 114.936 | D15: =(C13-C17)/(A17-A13) -> 7.5e-05 | E15: =0.0000000000000634167*A15*A15 - 0.0000000048594*A15 + 0.000132414 -> 0.00013178335 | F15: 105.708 | G15: =-0.000113*A15 + 106.525761 -> 106.51107
... A3496: 34940 | B3496: 1493.3 | C3496: 111.001 | D3496: =(C3494-C3498)/(A3498-A3494) -> 5e-05 | E3496: =0.0000000000000634167*A3496*A3496 - 0.0000000048594*A3496 + 0.000132414 -> 4.00459e-05 | F3496: 102.581 | G3496: =-0.000113*A3496 + 106.525761 -> 102.57754
A3497: 34950 | B3497: 1495.3 | C3497: 111.001 | D3497: =D3496 -> 5e-05 | E3497: =0.0000000000000634167*A3497*A3497 - 0.0000000048594*A3497 + 0.000132414 -> 4.0041628e-05 | F3497: 102.567 | G3497: =-0.000113*A3497 + 106.525761 -> 102.57641
A3498: 34960 | B3498: 1497.4 | C3498: 111 | D3498: =D3497 -> 5e-05 | E3498: =0.0000000000000634167*A3498*A3498 - 0.0000000048594*A3498 + 0.000132414 -> 4.0037368e-05 | F3498: 102.553 | G3498: =-0.000113*A3498 + 106.525761 -> 102.57528

Sheet HWmarks
A1: T | B1: highwater mark (min) | C1: highwater mark (max)
A2: 0 | B2: 125.71 | C2: 125.882
A3: 500 | B3: =B2 -> 125.71 | C3: =C2 -> 125.882
