Workbook

Sheet ranges
A1: cross-section # | B1: chainage (m) | C1: width (m) | F1: fo | J1: μ (mu) | K1: fi/fo | M1: fi
A2: 1 | C2: 700 | F2: 0.09 | J2: 0.6 | K2: 0.8 | M2: =F2*K2 -> 0.072
A3: 34 | C3: 900 | F3: 0.11 | J3: 0.8 | K3: 1 | M3: =F3*K3 -> 0.11

Sheet values
A1: event | B1: chainage_m | C1: width_m [III] | D1: slope [II] | E1: Q_cms [I] | F1: fo [IV] | G1: q (m2/s) | H1: h (m) | I1: ξ (xi) | J1: μ (mu) [VI] | K1: fi/fo [V] | L1: η (eta) | M1: H_m [VII] | N1: t (m) | P1: thalweg elevation_masl [VIII] | Q1: W empirica_masl [IX] | S1: T | T1: p | V1: %ile | W1: calculated [X] | Y1: observed_max [XI] | Z1: observed_min [XI]
B2: 12800 | C2: =RANDBETWEEN(ranges!C$2*1000,ranges!C$3*1000)/1000 -> 709.018 | D2: 6.8e-05 | E2: ='[2]Q_GEV(random)_StrongPt'!$D2 -> 6313.1469 | F2: =RANDBETWEEN(ranges!F$2*1000,ranges!F$3*1000)/1000 -> 0.106 | G2: =E2/C2 -> 8.9040714 | H2: =POWER(G2/SQRT(4*9.807*D2/F2),2/3) -> 14.659732 | I2: =POWER(G2*G2/9.807/D2,1/3)/C2/D2 -> 1019.8694 | J2: =RANDBETWEEN(ranges!J$2*1000,ranges!J$3*1000)/1000 -> 0.707 | K2: =RANDBETWEEN(ranges!K$2*1000,ranges!K$3*1000)/1000 -> 0.914 | L2: =0.63*POWER(F2,1/3)*I2+5.75*(1+SQRT(1+0.11*J2*POWER(F2,1/3)*K2*I2))/J2 -> 360.53937 | M2: =L2*C2*D2 -> 17.382765 | N2: =(M2-H2)/0.92 -> 2.9598192 | P2: =LOOKUP(B2,geomorph!$A:$A,geomorph!$G:$G)+13.1 -> 118.17936 | Q2: =M2+P2 -> 135.56213 | S2: 500 | T2: =1/S2 -> 0.002 | U2: =T2 -> 0.002 | V2: =1-T2 -> 0.998 | W2: =_xlfn.PERCENTILE.INC(Q:Q,V2) -> 139.00098 | Y2: 126.76074 | Z2: 126.42714
C3: =RANDBETWEEN(ranges!C$2*1000,ranges!C$3*1000)/1000 -> 710.913 | D3: 6.8e-05 | E3: ='[2]Q_GEV(random)_StrongPt'!$D3 -> 8467.881 | F3: =RANDBETWEEN(ranges!F$2*1000,ranges!F$3*1000)/1000 -> 0.104 | G3: =E3/C3 -> 11.911276 | H3: =POWER(G3/SQRT(4*9.807*D3/F3),2/3) -> 17.685402 | I3: =POWER(G3*G3/9.807/D3,1/3)/C3/D3 -> 1234.9 | J3: =RANDBETWEEN(ranges!J$2*1000,ranges!J$3*1000)/1000 -> 0.791 | K3: =RANDBETWEEN(ranges!K$2*1000,ranges!K$3*1000)/1000 -> 0.916 | L3: =0.63*POWER(F3,1/3)*I3+5.75*(1+SQRT(1+0.11*J3*POWER(F3,1/3)*K3*I3))/J3 -> 423.11742 | M3: =L3*C3*D3 -> 20.454378 | N3: =(M3-H3)/0.92 -> 3.0097559 | P3: =P2 -> 118.17936 | Q3: =M3+P3 -> 138.63374 | S3: 200 | T3: =1/S3 -> 0.005 | U3: =T3 -> 0.005 | V3: =1-T3 -> 0.995 | W3: =_xlfn.PERCENTILE.INC(Q:Q,V3) -> 138.39904 | Y3: 126.35967 | Z3: 126.08579
C4: =RANDBETWEEN(ranges!C$2*1000,ranges!C$3*1000)/1000 -> 760.058 | D4: 6.8e-05 | E4: ='[2]Q_GEV(random)_StrongPt'!$D4 -> 4926.6311 | F4: =RANDBETWEEN(ranges!F$2*1000,ranges!F$3*1000)/1000 -> 0.099 | G4: =E4/C4 -> 6.4819146 | H4: =POWER(G4/SQRT(4*9.807*D4/F4),2/3) -> 11.596108 | I4: =POWER(G4*G4/9.807/D4,1/3)/C4/D4 -> 769.89505 | J4: =RANDBETWEEN(ranges!J$2*1000,ranges!J$3*1000)/1000 -> 0.699 | K4: =RANDBETWEEN(ranges!K$2*1000,ranges!K$3*1000)/1000 -> 0.897 | L4: =0.63*POWER(F4,1/3)*I4+5.75*(1+SQRT(1+0.11*J4*POWER(F4,1/3)*K4*I4))/J4 -> 274.19771 | M4: =L4*C4*D4 -> 14.171619 | N4: =(M4-H4)/0.92 -> 2.7994688 | P4: =P3 -> 118.17936 | Q4: =M4+P4 -> 132.35098 | S4: 100 | T4: =1/S4 -> 0.01 | U4: =T4 -> 0.01 | V4: =1-T4 -> 0.99 | W4: =_xlfn.PERCENTILE.INC(Q:Q,V4) -> 138.00194 | Y4: 126.01728 | Z4: 125.79135
C5: =RANDBETWEEN(ranges!C$2*1000,ranges!C$3*1000)/1000 -> 720.266 | D5: 6.8e-05 | E5: ='[2]Q_GEV(random)_StrongPt'!$D5 -> 6688.1671 | F5: =RANDBETWEEN(ranges!F$2*1000,ranges!F$3*1000)/1000 -> 0.094 | G5: =E5/C5 -> 9.2856904 | H5: =POWER(G5/SQRT(4*9.807*D5/F5),2/3) -> 14.48384 | I5: =POWER(G5*G5/9.807/D5,1/3)/C5/D5 -> 1032.4268 | J5: =RANDBETWEEN(ranges!J$2*1000,ranges!J$3*1000)/1000 -> 0.63 | K5: =RANDBETWEEN(ranges!K$2*1000,ranges!K$3*1000)/1000 -> 0.913 | L5: =0.63*POWER(F5,1/3)*I5+5.75*(1+SQRT(1+0.11*J5*POWER(F5,1/3)*K5*I5))/J5 -> 355.43765 | M5: =L5*C5*D5 -> 17.408657 | N5: =(M5-H5)/0.92 -> 3.1791482 | P5: =P4 -> 118.17936 | Q5: =M5+P5 -> 135.58802 | S5: 50 | T5: =1/S5 -> 0.02 | U5: =T5 -> 0.02 | V5: =1-T5 -> 0.98 | W5: =_xlfn.PERCENTILE.INC(Q:Q,V5) -> 137.45997 | Y5: 125.63053 | Z5: 125.45523
C6: =RANDBETWEEN(ranges!C$2*1000,ranges!C$3*1000)/1000 -> 894.048 | D6: 6.8e-05 | E6: ='[2]Q_GEV(random)_StrongPt'!$D6 -> 6229.8671 | F6: =RANDBETWEEN(ranges!F$2*1000,ranges!F$3*1000)/1000 -> 0.106 | G6: =E6/C6 -> 6.9681573 | H6: =POWER(G6/SQRT(4*9.807*D6/F6),2/3) -> 12.449318 | I6: =POWER(G6*G6/9.807/D6,1/3)/C6/D6 -> 686.84781 | J6: =RANDBETWEEN(ranges!J$2*1000,ranges!J$3*1000)/1000 -> 0.677 | K6: =RANDBETWEEN(ranges!K$2*1000,ranges!K$3*1000)/1000 -> 0.988 | L6: =0.63*POWER(F6,1/3)*I6+5.75*(1+SQRT(1+0.11*J6*POWER(F6,1/3)*K6*I6))/J6 -> 255.67659 | M6: =L6*C6*D6 -> 15.543926 | N6: =(M6-H6)/0.92 -> 3.3637041 | P6: =P5 -> 118.17936 | Q6: =M6+P6 -> 133.72329 | S6: 20 | T6: =1/S6 -> 0.05 | U6: =T6 -> 0.05 | V6: =1-T6 -> 0.95 | W6: =_xlfn.PERCENTILE.INC(Q:Q,V6) -> 136.64293 | Y6: 125.18401 | Z6: 125.06229
C7: =RANDBETWEEN(ranges!C$2*1000,ranges!C$3*1000)/1000 -> 859.881 | D7: 6.8e-05 | E7: ='[2]Q_GEV(random)_StrongPt'!$D7 -> 6275.4713 | F7: =RANDBETWEEN(ranges!F$2*1000,ranges!F$3*1000)/1000 -> 0.107 | G7: =E7/C7 -> 7.2980694 | H7: =POWER(G7/SQRT(4*9.807*D7/F7),2/3) -> 12.879477 | I7: =POWER(G7*G7/9.807/D7,1/3)/C7/D7 -> 736.50613 | J7: =RANDBETWEEN(ranges!J$2*1000,ranges!J$3*1000)/1000 -> 0.778 | K7: =RANDBETWEEN(ranges!K$2*1000,ranges!K$3*1000)/1000 -> 0.898 | L7: =0.63*POWER(F7,1/3)*I7+5.75*(1+SQRT(1+0.11*J7*POWER(F7,1/3)*K7*I7))/J7 -> 266.69038 | M7: =L7*C7*D7 -> 15.593896 | N7: =(M7-H7)/0.92 -> 2.9504549 | P7: =P6 -> 118.17936 | Q7: =M7+P7 -> 133.77326 | S7: 10 | T7: =1/S7 -> 0.1 | U7: =T7 -> 0.1 | V7: =1-T7 -> 0.9 | W7: =_xlfn.PERCENTILE.INC(Q:Q,V7) -> 135.94736 | Y7: 125.02376 | Z7: 124.91995
C8: =RANDBETWEEN(ranges!C$2*1000,ranges!C$3*1000)/1000 -> 747.599 | D8: 6.8e-05 | E8: ='[2]Q_GEV(random)_StrongPt'!$D8 -> 5765.4203 | F8: =RANDBETWEEN(ranges!F$2*1000,ranges!F$3*1000)/1000 -> 0.095 | G8: =E8/C8 -> 7.7119155 | H8: =POWER(G8/SQRT(4*9.807*D8/F8),2/3) -> 12.842444 | I8: =POWER(G8*G8/9.807/D8,1/3)/C8/D8 -> 878.85155 | J8: =RANDBETWEEN(ranges!J$2*1000,ranges!J$3*1000)/1000 -> 0.776 | K8: =RANDBETWEEN(ranges!K$2*1000,ranges!K$3*1000)/1000 -> 0.88 | L8: =0.63*POWER(F8,1/3)*I8+5.75*(1+SQRT(1+0.11*J8*POWER(F8,1/3)*K8*I8))/J8 -> 301.38453 | M8: =L8*C8*D8 -> 15.321404 | N8: =(M8-H8)/0.92 -> 2.6945221 | P8: =P7 -> 118.17936 | Q8: =M8+P8 -> 133.50077 | S8: 5 | T8: =1/S8 -> 0.2 | U8: =T8 -> 0.2 | V8: =1-T8 -> 0.8 | W8: =_xlfn.PERCENTILE.INC(Q:Q,V8) -> 135.05047 | Y8: 124.45554 | Z8: 124.40936
C9: =RANDBETWEEN(ranges!C$2*1000,ranges!C$3*1000)/1000 -> 820.306 | D9: 6.8e-05 | E9: ='[2]Q_GEV(random)_StrongPt'!$D9 -> 5886.8572 | F9: =RANDBETWEEN(ranges!F$2*1000,ranges!F$3*1000)/1000 -> 0.091 | G9: =E9/C9 -> 7.1764161 | H9: =POWER(G9/SQRT(4*9.807*D9/F9),2/3) -> 12.06657 | I9: =POWER(G9*G9/9.807/D9,1/3)/C9/D9 -> 763.43473 | J9: =RANDBETWEEN(ranges!J$2*1000,ranges!J$3*1000)/1000 -> 0.745 | K9: =RANDBETWEEN(ranges!K$2*1000,ranges!K$3*1000)/1000 -> 0.95 | L9: =0.63*POWER(F9,1/3)*I9+5.75*(1+SQRT(1+0.11*J9*POWER(F9,1/3)*K9*I9))/J9 -> 264.6986 | M9: =L9*C9*D9 -> 14.765102 | N9: =(M9-H9)/0.92 -> 2.9331866 | P9: =P8 -> 118.17936 | Q9: =M9+P9 -> 132.94446 | S9: 3.333 | T9: =1/S9 -> 0.30003 | U9: =T9 -> 0.30003 | V9: =1-T9 -> 0.69997 | W9: =_xlfn.PERCENTILE.INC(Q:Q,V9) -> 134.43074 | Y9: 123.74097 | Z9: 123.71273
C10: =RANDBETWEEN(ranges!C$2*1000,ranges!C$3*1000)/1000 -> 709.15 | D10: 6.8e-05 | E10: ='[2]Q_GEV(random)_StrongPt'!$D10 -> 4283.8016 | F10: =RANDBETWEEN(ranges!F$2*1000,ranges!F$3*1000)/1000 -> 0.099 | G10: =E10/C10 -> 6.0407553 | H10: =POWER(G10/SQRT(4*9.807*D10/F10),2/3) -> 11.063797 | I10: =POWER(G10*G10/9.807/D10,1/3)/C10/D10 -> 787.28525 | J10: =RANDBETWEEN(ranges!J$2*1000,ranges!J$3*1000)/1000 -> 0.648 | K10: =RANDBETWEEN(ranges!K$2*1000,ranges!K$3*1000)/1000 -> 0.998 | L10: =0.63*POWER(F10,1/3)*I10+5.75*(1+SQRT(1+0.11*J10*POWER(F10,1/3)*K10*I10))/J10 -> 284.35115 | M10: =L10*C10*D10 -> 13.712038 | N10: =(M10-H10)/0.92 -> 2.8785228 | P10: =P9 -> 118.17936 | Q10: =M10+P10 -> 131.8914 | S10: 2 | T10: =1/S10 -> 0.5 | U10: =T10 -> 0.5 | V10: =1-T10 -> 0.5 | W10: =_xlfn.PERCENTILE.INC(Q:Q,V10) -> 133.45345 | Y10: 122.28224 | Z10: 122.20303
C11: =RANDBETWEEN(ranges!C$2*1000,ranges!C$3*1000)/1000 -> 726.311 | D11: 6.8e-05 | E11: ='[2]Q_GEV(random)_StrongPt'!$D11 -> 6796.6525 | F11: =RANDBETWEEN(ranges!F$2*1000,ranges!F$3*1000)/1000 -> 0.097 | G11: =E11/C11 -> 9.3577716 | H11: =POWER(G11/SQRT(4*9.807*D11/F11),2/3) -> 14.711959 | I11: =POWER(G11*G11/9.807/D11,1/3)/C11/D11 -> 1029.1256 | J11: =RANDBETWEEN(ranges!J$2*1000,ranges!J$3*1000)/1000 -> 0.636 | K11: =RANDBETWEEN(ranges!K$2*1000,ranges!K$3*1000)/1000 -> 0.93 | L11: =0.63*POWER(F11,1/3)*I11+5.75*(1+SQRT(1+0.11*J11*POWER(F11,1/3)*K11*I11))/J11 -> 357.89281 | M11: =L11*C11*D11 -> 17.676021 | N11: =(M11-H11)/0.92 -> 3.2218064 | P11: =P10 -> 118.17936 | Q11: =M11+P11 -> 135.85538
C12: =RANDBETWEEN(ranges!C$2*1000,ranges!C$3*1000)/1000 -> 726.282 | D12: 6.8e-05 | E12: ='[2]Q_GEV(random)_StrongPt'!$D12 -> 7556.4993 | F12: =RANDBETWEEN(ranges!F$2*1000,ranges!F$3*1000)/1000 -> 0.101 | G12: =E12/C12 -> 10.40436 | H12: =POWER(G12/SQRT(4*9.807*D12/F12),2/3) -> 16.003526 | I12: =POWER(G12*G12/9.807/D12,1/3)/C12/D12 -> 1104.5389 | J12: =RANDBETWEEN(ranges!J$2*1000,ranges!J$3*1000)/1000 -> 0.729 | K12: =RANDBETWEEN(ranges!K$2*1000,ranges!K$3*1000)/1000 -> 0.822 | L12: =0.63*POWER(F12,1/3)*I12+5.75*(1+SQRT(1+0.11*J12*POWER(F12,1/3)*K12*I12))/J12 -> 378.55062 | M12: =L12*C12*D12 -> 18.695546 | N12: =(M12-H12)/0.92 -> 2.926109 | P12: =P11 -> 118.17936 | Q12: =M12+P12 -> 136.87491
C13: =RANDBETWEEN(ranges!C$2*1000,ranges!C$3*1000)/1000 -> 837.603 | D13: 6.8e-05 | E13: ='[2]Q_GEV(random)_StrongPt'!$D13 -> 5970.694 | F13: =RANDBETWEEN(ranges!F$2*1000,ranges!F$3*1000)/1000 -> 0.09 | G13: =E13/C13 -> 7.1283102 | H13: =POWER(G13/SQRT(4*9.807*D13/F13),2/3) -> 11.968421 | I13: =POWER(G13*G13/9.807/D13,1/3)/C13/D13 -> 744.32435 | J13: =RANDBETWEEN(ranges!J$2*1000,ranges!J$3*1000)/1000 -> 0.653 | K13: =RANDBETWEEN(ranges!K$2*1000,ranges!K$3*1000)/1000 -> 0.978 | L13: =0.63*POWER(F13,1/3)*I13+5.75*(1+SQRT(1+0.11*J13*POWER(F13,1/3)*K13*I13))/J13 -> 262.47459 | M13: =L13*C13*D13 -> 14.949766 | N13: =(M13-H13)/0.92 -> 3.2405925 | P13: =P12 -> 118.17936 | Q13: =M13+P13 -> 133.12913
C14: =RANDBETWEEN(ranges!C$2*1000,ranges!C$3*1000)/1000 -> 810.745 | D14: 6.8e-05 | E14: ='[2]Q_GEV(random)_StrongPt'!$D14 -> 5331.6299 | F14: =RANDBETWEEN(ranges!F$2*1000,ranges!F$3*1000)/1000 -> 0.103 | G14: =E14/C14 -> 6.5762106 | H14: =POWER(G14/SQRT(4*9.807*D14/F14),2/3) -> 11.86391 | I14: =POWER(G14*G14/9.807/D14,1/3)/C14/D14 -> 728.745 | J14: =RANDBETWEEN(ranges!J$2*1000,ranges!J$3*1000)/1000 -> 0.797 | K14: =RANDBETWEEN(ranges!K$2*1000,ranges!K$3*1000)/1000 -> 0.956 | L14: =0.63*POWER(F14,1/3)*I14+5.75*(1+SQRT(1+0.11*J14*POWER(F14,1/3)*K14*I14))/J14 -> 261.69597 | M14: =L14*C14*D14 -> 14.427471 | N14: =(M14-H14)/0.92 -> 2.7864794 | P14: =P13 -> 118.17936 | Q14: =M14+P14 -> 132.60683
C15: =RANDBETWEEN(ranges!C$2*1000,ranges!C$3*1000)/1000 -> 760.077 | D15: 6.8e-05 | E15: ='[2]Q_GEV(random)_StrongPt'!$D15 -> 6043.51 | F15: =RANDBETWEEN(ranges!F$2*1000,ranges!F$3*1000)/1000 -> 0.095 | G15: =E15/C15 -> 7.9511812 | H15: =POWER(G15/SQRT(4*9.807*D15/F15),2/3) -> 13.106718 | I15: =POWER(G15*G15/9.807/D15,1/3)/C15/D15 -> 882.21188 | J15: =RANDBETWEEN(ranges!J$2*1000,ranges!J$3*1000)/1000 -> 0.652 | K15: =RANDBETWEEN(ranges!K$2*1000,ranges!K$3*1000)/1000 -> 0.866 | L15: =0.63*POWER(F15,1/3)*I15+5.75*(1+SQRT(1+0.11*J15*POWER(F15,1/3)*K15*I15))/J15 -> 307.39213 | M15: =L15*C15*D15 -> 15.887635 | N15: =(M15-H15)/0.92 -> 3.0227359 | P15: =P14 -> 118.17936 | Q15: =M15+P15 -> 134.067
C16: =RANDBETWEEN(ranges!C$2*1000,ranges!C$3*1000)/1000 -> 787.272 | D16: 6.8e-05 | E16: ='[2]Q_GEV(random)_StrongPt'!$D16 -> 6199.0298 | F16: =RANDBETWEEN(ranges!F$2*1000,ranges!F$3*1000)/1000 -> 0.101 | G16: =E16/C16 -> 7.8740636 | H16: =POWER(G16/SQRT(4*9.807*D16/F16),2/3) -> 13.2904 | I16: =POWER(G16*G16/9.807/D16,1/3)/C16/D16 -> 846.22112 | J16: =RANDBETWEEN(ranges!J$2*1000,ranges!J$3*1000)/1000 -> 0.65 | K16: =RANDBETWEEN(ranges!K$2*1000,ranges!K$3*1000)/1000 -> 1 | L16: =0.63*POWER(F16,1/3)*I16+5.75*(1+SQRT(1+0.11*J16*POWER(F16,1/3)*K16*I16))/J16 -> 304.9036 | M16: =L16*C16*D16 -> 16.32286 | N16: =(M16-H16)/0.92 -> 3.2961529 | P16: =P15 -> 118.17936 | Q16: =M16+P16 -> 134.50222
C17: =RANDBETWEEN(ranges!C$2*1000,ranges!C$3*1000)/1000 -> 884.405 | D17: 6.8e-05 | E17: ='[2]Q_GEV(random)_StrongPt'!$D17 -> 5524.938 | F17: =RANDBETWEEN(ranges!F$2*1000,ranges!F$3*1000)/1000 -> 0.104 | G17: =E17/C17 -> 6.2470678 | H17: =POWER(G17/SQRT(4*9.807*D17/F17),2/3) -> 11.501652 | I17: =POWER(G17*G17/9.807/D17,1/3)/C17/D17 -> 645.56853 | J17: =RANDBETWEEN(ranges!J$2*1000,ranges!J$3*1000)/1000 -> 0.679 | K17: =RANDBETWEEN(ranges!K$2*1000,ranges!K$3*1000)/1000 -> 0.976 | L17: =0.63*POWER(F17,1/3)*I17+5.75*(1+SQRT(1+0.11*J17*POWER(F17,1/3)*K17*I17))/J17 -> 240.45786 | M17: =L17*C17*D17 -> 14.461025 | N17: =(M17-H17)/0.92 -> 3.2167095 | P17: =P16 -> 118.17936 | Q17: =M17+P17 -> 132.64039
C18: =RANDBETWEEN(ranges!C$2*1000,ranges!C$3*1000)/1000 -> 826.122 | D18: 6.8e-05 | E18: ='[2]Q_GEV(random)_StrongPt'!$D18 -> 6487.6488 | F18: =RANDBETWEEN(ranges!F$2*1000,ranges!F$3*1000)/1000 -> 0.093 | G18: =E18/C18 -> 7.8531365 | H18: =POWER(G18/SQRT(4*9.807*D18/F18),2/3) -> 12.906883 | I18: =POWER(G18*G18/9.807/D18,1/3)/C18/D18 -> 804.99645 | J18: =RANDBETWEEN(ranges!J$2*1000,ranges!J$3*1000)/1000 -> 0.776 | K18: =RANDBETWEEN(ranges!K$2*1000,ranges!K$3*1000)/1000 -> 0.904 | L18: =0.63*POWER(F18,1/3)*I18+5.75*(1+SQRT(1+0.11*J18*POWER(F18,1/3)*K18*I18))/J18 -> 277.18249 | M18: =L18*C18*D18 -> 15.571086 | N18: =(M18-H18)/0.92 -> 2.8958723 | P18: =P17 -> 118.17936 | Q18: =M18+P18 -> 133.75045
C19: =RANDBETWEEN(ranges!C$2*1000,ranges!C$3*1000)/1000 -> 830.677 | D19: 6.8e-05 | E19: ='[2]Q_GEV(random)_StrongPt'!$D19 -> 7331.5726 | F19: =RANDBETWEEN(ranges!F$2*1000,ranges!F$3*1000)/1000 -> 0.101 | G19: =E19/C19 -> 8.8260209 | H19: =POWER(G19/SQRT(4*9.807*D19/F19),2/3) -> 14.341087 | I19: =POWER(G19*G19/9.807/D19,1/3)/C19/D19 -> 865.40721 | J19: =RANDBETWEEN(ranges!J$2*1000,ranges!J$3*1000)/1000 -> 0.744 | K19: =RANDBETWEEN(ranges!K$2*1000,ranges!K$3*1000)/1000 -> 0.826 | L19: =0.63*POWER(F19,1/3)*I19+5.75*(1+SQRT(1+0.11*J19*POWER(F19,1/3)*K19*I19))/J19 -> 302.70496 | M19: =L19*C19*D19 -> 17.098603 | N19: =(M19-H19)/0.92 -> 2.9973004 | P19: =P18 -> 118.17936 | Q19: =M19+P19 -> 135.27796
C20: =RANDBETWEEN(ranges!C$2*1000,ranges!C$3*1000)/1000 -> 734.044 | D20: 6.8e-05 | E20: ='[2]Q_GEV(random)_StrongPt'!$D20 -> 5512.8447 | F20: =RANDBETWEEN(ranges!F$2*1000,ranges!F$3*1000)/1000 -> 0.106 | G20: =E20/C20 -> 7.5102374 | H20: =POWER(G20/SQRT(4*9.807*D20/F20),2/3) -> 13.086878 | I20: =POWER(G20*G20/9.807/D20,1/3)/C20/D20 -> 879.40664 | J20: =RANDBETWEEN(ranges!J$2*1000,ranges!J$3*1000)/1000 -> 0.69 | K20: =RANDBETWEEN(ranges!K$2*1000,ranges!K$3*1000)/1000 -> 0.982 | L20: =0.63*POWER(F20,1/3)*I20+5.75*(1+SQRT(1+0.11*J20*POWER(F20,1/3)*K20*I20))/J20 -> 317.68841 | M20: =L20*C20*D20 -> 15.857415 | N20: =(M20-H20)/0.92 -> 3.0114534 | P20: =P19 -> 118.17936 | Q20: =M20+P20 -> 134.03678
C21: =RANDBETWEEN(ranges!C$2*1000,ranges!C$3*1000)/1000 -> 801.944 | D21: 6.8e-05 | E21: ='[2]Q_GEV(random)_StrongPt'!$D21 -> 6210.3496 | F21: =RANDBETWEEN(ranges!F$2*1000,ranges!F$3*1000)/1000 -> 0.108 | G21: =E21/C21 -> 7.7441188 | H21: =POWER(G21/SQRT(4*9.807*D21/F21),2/3) -> 13.440669 | I21: =POWER(G21*G21/9.807/D21,1/3)/C21/D21 -> 821.574 | J21: =RANDBETWEEN(ranges!J$2*1000,ranges!J$3*1000)/1000 -> 0.772 | K21: =RANDBETWEEN(ranges!K$2*1000,ranges!K$3*1000)/1000 -> 0.825 | L21: =0.63*POWER(F21,1/3)*I21+5.75*(1+SQRT(1+0.11*J21*POWER(F21,1/3)*K21*I21))/J21 -> 293.63585 | M21: =L21*C21*D21 -> 16.012607 | N21: =(M21-H21)/0.92 -> 2.7955841 | P21: =P20 -> 118.17936 | Q21: =M21+P21 -> 134.19197
C22: =RANDBETWEEN(ranges!C$2*1000,ranges!C$3*1000)/1000 -> 716.703 | D22: 6.8e-05 | E22: ='[2]Q_GEV(random)_StrongPt'!$D22 -> 6535.4106 | F22: =RANDBETWEEN(ranges!F$2*1000,ranges!F$3*1000)/1000 -> 0.095 | G22: =E22/C22 -> 9.1187153 | H22: =POWER(G22/SQRT(4*9.807*D22/F22),2/3) -> 14.360248 | I22: =POWER(G22*G22/9.807/D22,1/3)/C22/D22 -> 1025.0836 | J22: =RANDBETWEEN(ranges!J$2*1000,ranges!J$3*1000)/1000 -> 0.746 | K22: =RANDBETWEEN(ranges!K$2*1000,ranges!K$3*1000)/1000 -> 0.981 | L22: =0.63*POWER(F22,1/3)*I22+5.75*(1+SQRT(1+0.11*J22*POWER(F22,1/3)*K22*I22))/J22 -> 350.30173 | M22: =L22*C22*D22 -> 17.072237 | N22: =(M22-H22)/0.92 -> 2.9478134 | P22: =P21 -> 118.17936 | Q22: =M22+P22 -> 135.2516
... C10001: =RANDBETWEEN(ranges!C$2*1000,ranges!C$3*1000)/1000 -> 712.841 | D10001: 6.8e-05 | E10001: ='[2]Q_GEV(random)_StrongPt'!$D10001 -> 4878.2602 | F10001: =RANDBETWEEN(ranges!F$2*1000,ranges!F$3*1000)/1000 -> 0.098 | G10001: =E10001/C10001 -> 6.8434058 | H10001: =POWER(G10001/SQRT(4*9.807*D10001/F10001),2/3) -> 11.982714 | I10001: =POWER(G10001*G10001/9.807/D10001,1/3)/C10001/D10001 -> 851.13461 | J10001: =RANDBETWEEN(ranges!J$2*1000,ranges!J$3*1000)/1000 -> 0.67 | K10001: =RANDBETWEEN(ranges!K$2*1000,ranges!K$3*1000)/1000 -> 0.898 | L10001: =0.63*POWER(F10001,1/3)*I10001+5.75*(1+SQRT(1+0.11*J10001*POWER(F10001,1/3)*K10001*I10001))/J10001 -> 300.37017 | M10001: =L10001*C10001*D10001 -> 14.5599 | N10001: =(M10001-H10001)/0.92 -> 2.801289 | P10001: =P10000 -> 118.17936 | Q10001: =M10001+P10001 -> 132.73926

Sheet geomorph
A1: chainage (m) | B1: width (m) | C1: open-water profile | D1: slope (-) | E1: slope_calc | F1: thalweg | G1: thalweg (trend) | H1: chainage | I1: thalweg (trendline)
A2: 0 | B2: 2094.4 | C2: 114.944 | D2: =D3 -> 5e-05 | E2: =0.0000000000000634167*A2*A2 - 0.0000000048594*A2 + 0.000132414 -> 0.000132414 | F2: 105.59 | G2: =-0.000113*A2 + 106.525761 -> 106.52576 | H2: 12800 | I2: =-0.000113*H2 + 106.525761 -> 105.07936
A3: 10 | B3: 2089.1 | C3: 114.944 | D3: =D4 -> 5e-05 | E3: =0.0000000000000634167*A3*A3 - 0.0000000048594*A3 + 0.000132414 -> 0.00013236541 | F3: 105.599 | G3: =-0.000113*A3 + 106.525761 -> 106.52463 | H3: 34960 | I3: =-0.000113*H3 + 106.525761 -> 102.57528 | J3: =I2-I3 -> 2.50408
A4: 20 | B4: 2083.7 | C4: 114.943 | D4: =(C2-C6)/(A6-A2) -> 5e-05 | E4: =0.0000000000000634167*A4*A4 - 0.0000000048594*A4 + 0.000132414 -> 0.00013231684 | F4: 105.608 | G4: =-0.000113*A4 + 106.525761 -> 106.5235
A5: 30 | B5: 2078.3 | C5: 114.942 | D5: =(C3-C7)/(A7-A3) -> 7.5e-05 | E5: =0.0000000000000634167*A5*A5 - 0.0000000048594*A5 + 0.000132414 -> 0.00013226828 | F5: 105.618 | G5: =-0.000113*A5 + 106.525761 -> 106.52237
A6: 40 | B6: 2072.9 | C6: 114.942 | D6: =(C4-C8)/(A8-A4) -> 7.5e-05 | E6: =0.0000000000000634167*A6*A6 - 0.0000000048594*A6 + 0.000132414 -> 0.00013221973 | F6: 105.626 | G6: =-0.000113*A6 + 106.525761 -> 106.52124
A7: 50 | B7: 2067.5 | C7: 114.941 | D7: =(C5-C9)/(A9-A5) -> 5e-05 | E7: =0.0000000000000634167*A7*A7 - 0.0000000048594*A7 + 0.000132414 -> 0.00013217119 | F7: 105.635 | G7: =-0.000113*A7 + 106.525761 -> 106.52011
A8: 60 | B8: 2061.7 | C8: 114.94 | D8: =(C6-C10)/(A10-A6) -> 7.5e-05 | E8: =0.0000000000000634167*A8*A8 - 0.0000000048594*A8 + 0.000132414 -> 0.00013212266 | F8: 105.645 | G8: =-0.000113*A8 + 106.525761 -> 106.51898
A9: 70 | B9: 2055.5 | C9: 114.94 | D9: =(C7-C11)/(A11-A7) -> 7.5e-05 | E9: =0.0000000000000634167*A9*A9 - 0.0000000048594*A9 + 0.000132414 -> 0.00013207415 | F9: 105.654 | G9: =-0.000113*A9 + 106.525761 -> 106.51785
A10: 80 | B10: 2049.3 | C10: 114.939 | D10: =(C8-C12)/(A12-A8) -> 5e-05 | E10: =0.0000000000000634167*A10*A10 - 0.0000000048594*A10 + 0.000132414 -> 0.00013202565 | F10: 105.662 | G10: =-0.000113*A10 + 106.525761 -> 106.51672
A11: 90 | B11: 2043.1 | C11: 114.938 | D11: =(C9-C13)/(A13-A9) -> 7.5e-05 | E11: =0.0000000000000634167*A11*A11 - 0.0000000048594*A11 + 0.000132414 -> 0.00013197717 | F11: 105.672 | G11: =-0.000113*A11 + 106.525761 -> 106.51559
A12: 100 | B12: 2037.1 | C12: 114.938 | D12: =(C10-C14)/(A14-A10) -> 7.5e-05 | E12: =0.0000000000000634167*A12*A12 - 0.0000000048594*A12 + 0.000132414 -> 0.00013192869 | F12: 105.681 | G12: =-0.000113*A12 + 106.525761 -> 106.51446
A13: 110 | B13: 2030.8 | C13: 114.937 | D13: =(C11-C15)/(A15-A11) -> 5e-05 | E13: =0.0000000000000634167*A13*A13 - 0.0000000048594*A13 + 0.000132414 -> 0.00013188023 | F13: 105.691 | G13: =-0.000113*A13 + 106.525761 -> 106.51333
A14: 120 | B14: 2024.7 | C14: 114.936 | D14: =(C12-C16)/(A16-A12) -> 7.5e-05 | E14: =0.0000000000000634167*A14*A14 - 0.0000000048594*A14 + 0.000132414 -> 0.00013183179 | F14: 105.699 | G14: =-0.000113*A14 + 106.525761 -> 106.5122
A15: 130 | B15: 2018.5 | C15: 114.936 | D15: =(C13-C17)/(A17-A13) -> 7.5e-05 | E15: =0.0000000000000634167*A15*A15 - 0.0000000048594*A15 + 0.000132414 -> 0.00013178335 | F15: 105.708 | G15: =-0.000113*A15 + 106.525761 -> 106.51107
... A3496: 34940 | B3496: 1493.3 | C3496: 111.001 | D3496: =(C3494-C3498)/(A3498-A3494) -> 5e-05 | E3496: =0.0000000000000634167*A3496*A3496 - 0.0000000048594*A3496 + 0.000132414 -> 4.00459e-05 | F3496: 102.581 | G3496: =-0.000113*A3496 + 106.525761 -> 102.57754
A3497: 34950 | B3497: 1495.3 | C3497: 111.001 | D3497: =D3496 -> 5e-05 | E3497: =0.0000000000000634167*A3497*A3497 - 0.0000000048594*A3497 + 0.000132414 -> 4.0041628e-05 | F3497: 102.567 | G3497: =-0.000113*A3497 + 106.525761 -> 102.57641
A3498: 34960 | B3498: 1497.4 | C3498: 111 | D3498: =D3497 -> 5e-05 | E3498: =0.0000000000000634167*A3498*A3498 - 0.0000000048594*A3498 + 0.000132414 -> 4.0037368e-05 | F3498: 102.553 | G3498: =-0.000113*A3498 + 106.525761 -> 102.57528

Sheet HWmarks
A1: T | B1: highwater mark (min) | C1: highwater mark (max)
A2: 0 | B2: 138.573 | C2: 138.84
A3: 500 | B3: =B2 -> 138.573 | C3: =C2 -> 138.84
