Workbook

Sheet ranges
A1: A | B1: n_o | C1: R | D1: S | G1: A | H1: n_o | I1: R | J1: S
A2: 18000 | B2: ='Sabaneev Equation'!E2 -> 0.032932718 | C2: 5 | D2: 0.000113 | E2: ← min | G2: 20000 | H2: 0.05 | I2: 6 | K2: ← mean
A3: 22000 | B3: ='Sabaneev Equation'!E3 -> 0.056107321 | C3: 7 | D3: 0.000113 | E3: ← max | G3: 1000 | H3: 0.01 | I3: 0.8 | K3: ← std

Sheet values
A1: A | B1: n_o | C1: R | D1: S | E1: Q | G1: A | H1: n_o | I1: R | J1: S | K1: Q
A2: =RANDBETWEEN(ranges!A$2,ranges!A$3) -> 20438 | B2: =RANDBETWEEN(ranges!B$2*1000,ranges!B$3*1000)/1000 -> 0.033 | C2: =RANDBETWEEN(ranges!C$2*1000,ranges!C$3*1000)/1000 -> 6.577 | D2: =RANDBETWEEN(ranges!D$2*10000000,ranges!D$3*10000000)/10000000 -> 0.000113 | E2: =A2*POWER(C2,2/3)*SQRT(D2)/B2 -> 23110.832 | G2: =_xlfn.NORM.INV(RAND(),ranges!G$2,ranges!G$3) -> 20155.5 | H2: =_xlfn.NORM.INV(RAND(),ranges!H$2,ranges!H$3) -> 0.053666522 | I2: =_xlfn.NORM.INV(RAND(),ranges!I$2,ranges!I$3) -> 6.8481885 | J2: =D2 -> 0.000113 | K2: =G2*POWER(I2,2/3)*SQRT(J2)/H2 -> 14397.259
A3: =RANDBETWEEN(ranges!A$2,ranges!A$3) -> 20083 | B3: =RANDBETWEEN(ranges!B$2*1000,ranges!B$3*1000)/1000 -> 0.034 | C3: =RANDBETWEEN(ranges!C$2*1000,ranges!C$3*1000)/1000 -> 5.273 | D3: =RANDBETWEEN(ranges!D$2*10000000,ranges!D$3*10000000)/10000000 -> 0.000113 | E3: =A3*POWER(C3,2/3)*SQRT(D3)/B3 -> 19022.2 | G3: =_xlfn.NORM.INV(RAND(),ranges!G$2,ranges!G$3) -> 19995.742 | H3: =_xlfn.NORM.INV(RAND(),ranges!H$2,ranges!H$3) -> 0.068912301 | I3: =_xlfn.NORM.INV(RAND(),ranges!I$2,ranges!I$3) -> 6.678099 | J3: =J2 -> 0.000113 | K3: =G3*POWER(I3,2/3)*SQRT(J3)/H3 -> 10938.268
A4: =RANDBETWEEN(ranges!A$2,ranges!A$3) -> 19505 | B4: =RANDBETWEEN(ranges!B$2*1000,ranges!B$3*1000)/1000 -> 0.05 | C4: =RANDBETWEEN(ranges!C$2*1000,ranges!C$3*1000)/1000 -> 6.993 | D4: =RANDBETWEEN(ranges!D$2*10000000,ranges!D$3*10000000)/10000000 -> 0.000113 | E4: =A4*POWER(C4,2/3)*SQRT(D4)/B4 -> 15164.364 | G4: =_xlfn.NORM.INV(RAND(),ranges!G$2,ranges!G$3) -> 20935.57 | H4: =_xlfn.NORM.INV(RAND(),ranges!H$2,ranges!H$3) -> 0.046438815 | I4: =_xlfn.NORM.INV(RAND(),ranges!I$2,ranges!I$3) -> 5.9359167 | J4: =J3 -> 0.000113 | K4: =G4*POWER(I4,2/3)*SQRT(J4)/H4 -> 15710.912
A5: =RANDBETWEEN(ranges!A$2,ranges!A$3) -> 18879 | B5: =RANDBETWEEN(ranges!B$2*1000,ranges!B$3*1000)/1000 -> 0.052 | C5: =RANDBETWEEN(ranges!C$2*1000,ranges!C$3*1000)/1000 -> 5.25 | D5: =RANDBETWEEN(ranges!D$2*10000000,ranges!D$3*10000000)/10000000 -> 0.000113 | E5: =A5*POWER(C5,2/3)*SQRT(D5)/B5 -> 11657.92 | G5: =_xlfn.NORM.INV(RAND(),ranges!G$2,ranges!G$3) -> 20512.436 | H5: =_xlfn.NORM.INV(RAND(),ranges!H$2,ranges!H$3) -> 0.070687408 | I5: =_xlfn.NORM.INV(RAND(),ranges!I$2,ranges!I$3) -> 6.2038729 | J5: =J4 -> 0.000113 | K5: =G5*POWER(I5,2/3)*SQRT(J5)/H5 -> 10414.93
A6: =RANDBETWEEN(ranges!A$2,ranges!A$3) -> 20936 | B6: =RANDBETWEEN(ranges!B$2*1000,ranges!B$3*1000)/1000 -> 0.047 | C6: =RANDBETWEEN(ranges!C$2*1000,ranges!C$3*1000)/1000 -> 6.83 | D6: =RANDBETWEEN(ranges!D$2*10000000,ranges!D$3*10000000)/10000000 -> 0.000113 | E6: =A6*POWER(C6,2/3)*SQRT(D6)/B6 -> 17045.728 | G6: =_xlfn.NORM.INV(RAND(),ranges!G$2,ranges!G$3) -> 19026.851 | H6: =_xlfn.NORM.INV(RAND(),ranges!H$2,ranges!H$3) -> 0.043901244 | I6: =_xlfn.NORM.INV(RAND(),ranges!I$2,ranges!I$3) -> 6.7095929 | J6: =J5 -> 0.000113 | K6: =G6*POWER(I6,2/3)*SQRT(J6)/H6 -> 16389.288
A7: =RANDBETWEEN(ranges!A$2,ranges!A$3) -> 18827 | B7: =RANDBETWEEN(ranges!B$2*1000,ranges!B$3*1000)/1000 -> 0.055 | C7: =RANDBETWEEN(ranges!C$2*1000,ranges!C$3*1000)/1000 -> 5.361 | D7: =RANDBETWEEN(ranges!D$2*10000000,ranges!D$3*10000000)/10000000 -> 0.000113 | E7: =A7*POWER(C7,2/3)*SQRT(D7)/B7 -> 11146.064 | G7: =_xlfn.NORM.INV(RAND(),ranges!G$2,ranges!G$3) -> 19135.445 | H7: =_xlfn.NORM.INV(RAND(),ranges!H$2,ranges!H$3) -> 0.043146648 | I7: =_xlfn.NORM.INV(RAND(),ranges!I$2,ranges!I$3) -> 6.504047 | J7: =J6 -> 0.000113 | K7: =G7*POWER(I7,2/3)*SQRT(J7)/H7 -> 16426.808
A8: =RANDBETWEEN(ranges!A$2,ranges!A$3) -> 19825 | B8: =RANDBETWEEN(ranges!B$2*1000,ranges!B$3*1000)/1000 -> 0.034 | C8: =RANDBETWEEN(ranges!C$2*1000,ranges!C$3*1000)/1000 -> 5.872 | D8: =RANDBETWEEN(ranges!D$2*10000000,ranges!D$3*10000000)/10000000 -> 0.000113 | E8: =A8*POWER(C8,2/3)*SQRT(D8)/B8 -> 20174.256 | G8: =_xlfn.NORM.INV(RAND(),ranges!G$2,ranges!G$3) -> 19842.009 | H8: =_xlfn.NORM.INV(RAND(),ranges!H$2,ranges!H$3) -> 0.046509108 | I8: =_xlfn.NORM.INV(RAND(),ranges!I$2,ranges!I$3) -> 5.4799763 | J8: =J7 -> 0.000113 | K8: =G8*POWER(I8,2/3)*SQRT(J8)/H8 -> 14096.327
A9: =RANDBETWEEN(ranges!A$2,ranges!A$3) -> 19329 | B9: =RANDBETWEEN(ranges!B$2*1000,ranges!B$3*1000)/1000 -> 0.054 | C9: =RANDBETWEEN(ranges!C$2*1000,ranges!C$3*1000)/1000 -> 6.875 | D9: =RANDBETWEEN(ranges!D$2*10000000,ranges!D$3*10000000)/10000000 -> 0.000113 | E9: =A9*POWER(C9,2/3)*SQRT(D9)/B9 -> 13757.409 | G9: =_xlfn.NORM.INV(RAND(),ranges!G$2,ranges!G$3) -> 19549.487 | H9: =_xlfn.NORM.INV(RAND(),ranges!H$2,ranges!H$3) -> 0.03092665 | I9: =_xlfn.NORM.INV(RAND(),ranges!I$2,ranges!I$3) -> 5.3055049 | J9: =J8 -> 0.000113 | K9: =G9*POWER(I9,2/3)*SQRT(J9)/H9 -> 20440.563
A10: =RANDBETWEEN(ranges!A$2,ranges!A$3) -> 19489 | B10: =RANDBETWEEN(ranges!B$2*1000,ranges!B$3*1000)/1000 -> 0.036 | C10: =RANDBETWEEN(ranges!C$2*1000,ranges!C$3*1000)/1000 -> 6.416 | D10: =RANDBETWEEN(ranges!D$2*10000000,ranges!D$3*10000000)/10000000 -> 0.000113 | E10: =A10*POWER(C10,2/3)*SQRT(D10)/B10 -> 19870.213 | G10: =_xlfn.NORM.INV(RAND(),ranges!G$2,ranges!G$3) -> 19790.878 | H10: =_xlfn.NORM.INV(RAND(),ranges!H$2,ranges!H$3) -> 0.050241969 | I10: =_xlfn.NORM.INV(RAND(),ranges!I$2,ranges!I$3) -> 6.8447188 | J10: =J9 -> 0.000113 | K10: =G10*POWER(I10,2/3)*SQRT(J10)/H10 -> 15095.287
A11: =RANDBETWEEN(ranges!A$2,ranges!A$3) -> 20337 | B11: =RANDBETWEEN(ranges!B$2*1000,ranges!B$3*1000)/1000 -> 0.044 | C11: =RANDBETWEEN(ranges!C$2*1000,ranges!C$3*1000)/1000 -> 5.291 | D11: =RANDBETWEEN(ranges!D$2*10000000,ranges!D$3*10000000)/10000000 -> 0.000113 | E11: =A11*POWER(C11,2/3)*SQRT(D11)/B11 -> 14918.733 | G11: =_xlfn.NORM.INV(RAND(),ranges!G$2,ranges!G$3) -> 19305.544 | H11: =_xlfn.NORM.INV(RAND(),ranges!H$2,ranges!H$3) -> 0.056218779 | I11: =_xlfn.NORM.INV(RAND(),ranges!I$2,ranges!I$3) -> 7.1460211 | J11: =J10 -> 0.000113 | K11: =G11*POWER(I11,2/3)*SQRT(J11)/H11 -> 13543.037
A12: =RANDBETWEEN(ranges!A$2,ranges!A$3) -> 19968 | B12: =RANDBETWEEN(ranges!B$2*1000,ranges!B$3*1000)/1000 -> 0.035 | C12: =RANDBETWEEN(ranges!C$2*1000,ranges!C$3*1000)/1000 -> 6.624 | D12: =RANDBETWEEN(ranges!D$2*10000000,ranges!D$3*10000000)/10000000 -> 0.000113 | E12: =A12*POWER(C12,2/3)*SQRT(D12)/B12 -> 21390.419 | G12: =_xlfn.NORM.INV(RAND(),ranges!G$2,ranges!G$3) -> 20189.361 | H12: =_xlfn.NORM.INV(RAND(),ranges!H$2,ranges!H$3) -> 0.051308448 | I12: =_xlfn.NORM.INV(RAND(),ranges!I$2,ranges!I$3) -> 4.6565914 | J12: =J11 -> 0.000113 | K12: =G12*POWER(I12,2/3)*SQRT(J12)/H12 -> 11664.112
A13: =RANDBETWEEN(ranges!A$2,ranges!A$3) -> 20487 | B13: =RANDBETWEEN(ranges!B$2*1000,ranges!B$3*1000)/1000 -> 0.05 | C13: =RANDBETWEEN(ranges!C$2*1000,ranges!C$3*1000)/1000 -> 5.955 | D13: =RANDBETWEEN(ranges!D$2*10000000,ranges!D$3*10000000)/10000000 -> 0.000113 | E13: =A13*POWER(C13,2/3)*SQRT(D13)/B13 -> 14309.861 | G13: =_xlfn.NORM.INV(RAND(),ranges!G$2,ranges!G$3) -> 20719.091 | H13: =_xlfn.NORM.INV(RAND(),ranges!H$2,ranges!H$3) -> 0.047314531 | I13: =_xlfn.NORM.INV(RAND(),ranges!I$2,ranges!I$3) -> 4.7930579 | J13: =J12 -> 0.000113 | K13: =G13*POWER(I13,2/3)*SQRT(J13)/H13 -> 13232.965
A14: =RANDBETWEEN(ranges!A$2,ranges!A$3) -> 21757 | B14: =RANDBETWEEN(ranges!B$2*1000,ranges!B$3*1000)/1000 -> 0.055 | C14: =RANDBETWEEN(ranges!C$2*1000,ranges!C$3*1000)/1000 -> 5.121 | D14: =RANDBETWEEN(ranges!D$2*10000000,ranges!D$3*10000000)/10000000 -> 0.000113 | E14: =A14*POWER(C14,2/3)*SQRT(D14)/B14 -> 12493.345 | G14: =_xlfn.NORM.INV(RAND(),ranges!G$2,ranges!G$3) -> 19365.997 | H14: =_xlfn.NORM.INV(RAND(),ranges!H$2,ranges!H$3) -> 0.040883443 | I14: =_xlfn.NORM.INV(RAND(),ranges!I$2,ranges!I$3) -> 6.090057 | J14: =J13 -> 0.000113 | K14: =G14*POWER(I14,2/3)*SQRT(J14)/H14 -> 16792.39
... A1001: =RANDBETWEEN(ranges!A$2,ranges!A$3) -> 19543 | B1001: =RANDBETWEEN(ranges!B$2*1000,ranges!B$3*1000)/1000 -> 0.055 | C1001: =RANDBETWEEN(ranges!C$2*1000,ranges!C$3*1000)/1000 -> 6.417 | D1001: =RANDBETWEEN(ranges!D$2*10000000,ranges!D$3*10000000)/10000000 -> 0.000113 | E1001: =A1001*POWER(C1001,2/3)*SQRT(D1001)/B1001 -> 13043.349 | G1001: =_xlfn.NORM.INV(RAND(),ranges!G$2,ranges!G$3) -> 20776.777 | H1001: =_xlfn.NORM.INV(RAND(),ranges!H$2,ranges!H$3) -> 0.059178798 | I1001: =_xlfn.NORM.INV(RAND(),ranges!I$2,ranges!I$3) -> 6.3109158 | J1001: =J1000 -> 0.000113 | K1001: =G1001*POWER(I1001,2/3)*SQRT(J1001)/H1001 -> 12745.186
G1002: =_xlfn.NORM.INV(RAND(),ranges!G$2,ranges!G$3) -> 20529.483 | H1002: =_xlfn.NORM.INV(RAND(),ranges!H$2,ranges!H$3) -> 0.036810096 | I1002: =_xlfn.NORM.INV(RAND(),ranges!I$2,ranges!I$3) -> 5.3360053 | J1002: =J1001 -> 0.000113 | K1002: =G1002*POWER(I1002,2/3)*SQRT(J1002)/H1002 -> 18103.44
G1003: =_xlfn.NORM.INV(RAND(),ranges!G$2,ranges!G$3) -> 18239.129 | H1003: =_xlfn.NORM.INV(RAND(),ranges!H$2,ranges!H$3) -> 0.051330816 | I1003: =_xlfn.NORM.INV(RAND(),ranges!I$2,ranges!I$3) -> 4.7870605 | J1003: =J1002 -> 0.000113 | K1003: =G1003*POWER(I1003,2/3)*SQRT(J1003)/H1003 -> 10728.634
G1004: =_xlfn.NORM.INV(RAND(),ranges!G$2,ranges!G$3) -> 20013.553 | H1004: =_xlfn.NORM.INV(RAND(),ranges!H$2,ranges!H$3) -> 0.040488044 | I1004: =_xlfn.NORM.INV(RAND(),ranges!I$2,ranges!I$3) -> 6.1540149 | J1004: =J1003 -> 0.000113 | K1004: =G1004*POWER(I1004,2/3)*SQRT(J1004)/H1004 -> 17645.84
G1005: =_xlfn.NORM.INV(RAND(),ranges!G$2,ranges!G$3) -> 18947.82 | H1005: =_xlfn.NORM.INV(RAND(),ranges!H$2,ranges!H$3) -> 0.038829684 | I1005: =_xlfn.NORM.INV(RAND(),ranges!I$2,ranges!I$3) -> 5.4583069 | J1005: =J1004 -> 0.000113 | K1005: =G1005*POWER(I1005,2/3)*SQRT(J1005)/H1005 -> 16080.76
G1006: =_xlfn.NORM.INV(RAND(),ranges!G$2,ranges!G$3) -> 20595.552 | H1006: =_xlfn.NORM.INV(RAND(),ranges!H$2,ranges!H$3) -> 0.042123923 | I1006: =_xlfn.NORM.INV(RAND(),ranges!I$2,ranges!I$3) -> 5.7348369 | J1006: =J1005 -> 0.000113 | K1006: =G1006*POWER(I1006,2/3)*SQRT(J1006)/H1006 -> 16651.93
G1007: =_xlfn.NORM.INV(RAND(),ranges!G$2,ranges!G$3) -> 22534.476 | H1007: =_xlfn.NORM.INV(RAND(),ranges!H$2,ranges!H$3) -> 0.050167867 | I1007: =_xlfn.NORM.INV(RAND(),ranges!I$2,ranges!I$3) -> 6.0585022 | J1007: =J1006 -> 0.000113 | K1007: =G1007*POWER(I1007,2/3)*SQRT(J1007)/H1007 -> 15868.574
G1008: =_xlfn.NORM.INV(RAND(),ranges!G$2,ranges!G$3) -> 21014.163 | H1008: =_xlfn.NORM.INV(RAND(),ranges!H$2,ranges!H$3) -> 0.068547769 | I1008: =_xlfn.NORM.INV(RAND(),ranges!I$2,ranges!I$3) -> 7.6310982 | J1008: =J1007 -> 0.000113 | K1008: =G1008*POWER(I1008,2/3)*SQRT(J1008)/H1008 -> 12631.338
G1009: =_xlfn.NORM.INV(RAND(),ranges!G$2,ranges!G$3) -> 20876.772 | H1009: =_xlfn.NORM.INV(RAND(),ranges!H$2,ranges!H$3) -> 0.044819064 | I1009: =_xlfn.NORM.INV(RAND(),ranges!I$2,ranges!I$3) -> 5.6407523 | J1009: =J1008 -> 0.000113 | K1009: =G1009*POWER(I1009,2/3)*SQRT(J1009)/H1009 -> 15690.296
G1010: =_xlfn.NORM.INV(RAND(),ranges!G$2,ranges!G$3) -> 20126.625 | H1010: =_xlfn.NORM.INV(RAND(),ranges!H$2,ranges!H$3) -> 0.052946218 | I1010: =_xlfn.NORM.INV(RAND(),ranges!I$2,ranges!I$3) -> 5.9054496 | J1010: =J1009 -> 0.000113 | K1010: =G1010*POWER(I1010,2/3)*SQRT(J1010)/H1010 -> 13202.126
G1011: =_xlfn.NORM.INV(RAND(),ranges!G$2,ranges!G$3) -> 19539.699 | H1011: =_xlfn.NORM.INV(RAND(),ranges!H$2,ranges!H$3) -> 0.05050734 | I1011: =_xlfn.NORM.INV(RAND(),ranges!I$2,ranges!I$3) -> 5.4038334 | J1011: =J1010 -> 0.000113 | K1011: =G1011*POWER(I1011,2/3)*SQRT(J1011)/H1011 -> 12663.99
G1012: =_xlfn.NORM.INV(RAND(),ranges!G$2,ranges!G$3) -> 20451.704 | H1012: =_xlfn.NORM.INV(RAND(),ranges!H$2,ranges!H$3) -> 0.046218519 | I1012: =_xlfn.NORM.INV(RAND(),ranges!I$2,ranges!I$3) -> 5.8059551 | J1012: =J1011 -> 0.000113 | K1012: =G1012*POWER(I1012,2/3)*SQRT(J1012)/H1012 -> 15195.039
G1013: =_xlfn.NORM.INV(RAND(),ranges!G$2,ranges!G$3) -> 19400.802 | H1013: =_xlfn.NORM.INV(RAND(),ranges!H$2,ranges!H$3) -> 0.060148589 | I1013: =_xlfn.NORM.INV(RAND(),ranges!I$2,ranges!I$3) -> 6.8676518 | J1013: =J1012 -> 0.000113 | K1013: =G1013*POWER(I1013,2/3)*SQRT(J1013)/H1013 -> 12388.126
... G2501: =_xlfn.NORM.INV(RAND(),ranges!G$2,ranges!G$3) -> 19000.353 | H2501: =_xlfn.NORM.INV(RAND(),ranges!H$2,ranges!H$3) -> 0.053224573 | I2501: =_xlfn.NORM.INV(RAND(),ranges!I$2,ranges!I$3) -> 5.6585934 | J2501: =J2500 -> 0.000113 | K2501: =G2501*POWER(I2501,2/3)*SQRT(J2501)/H2501 -> 12050.203

Sheet Sabaneev Equation
B1: n_b | C1: n_i | E1: n_o
B2: 0.025 | C2: 0.04 | E2: =POWER((POWER(B2,3/2)+POWER(C2,3/2))/2,2/3) -> 0.032932718 | F2: ← min
B3: 0.025 | C3: 0.08 | E3: =POWER((POWER(B3,3/2)+POWER(C3,3/2))/2,2/3) -> 0.056107321 | F3: ← max
